Image_Path,Image_Name
Multiple Faces\Blurred\Uncovered or Not Covered\Face_Angle_0-10\Looking Straight\With Beard and Hat_Turban\KulwinderjitSinghKhanpuria_002.jpg,KulwinderjitSinghKhanpuria_002.jpg
Multiple Faces\Blurred\Uncovered or Not Covered\Face_Angle_0-10\Looking Straight\With Beard and Hat_Turban\ZakiurRehmanLakhvi_04.jpg,ZakiurRehmanLakhvi_04.jpg
Multiple Faces\Blurred\Uncovered or Not Covered\Face_Angle_0-10\Looking Straight\With Beard and Hat_Turban\ZakiurRehmanLakhvi_12.jpg,ZakiurRehmanLakhvi_12.jpg
Multiple Faces\Blurred\Uncovered or Not Covered\Face_Angle_0-10\Looking Straight\With Beard and Spectacles\DawoodIbrahim_001.jpg,DawoodIbrahim_001.jpg
Multiple Faces\Blurred\Uncovered or Not Covered\Face_Angle_0-10\Looking Straight\With Beard and Spectacles\DawoodIbrahim_002.jpg,DawoodIbrahim_002.jpg
Multiple Faces\Blurred\Uncovered or Not Covered\Face_Angle_0-10\Looking Straight\With Beard and Spectacles\DawoodIbrahim_003.jpg,DawoodIbrahim_003.jpg
Multiple Faces\Blurred\Uncovered or Not Covered\Face_Angle_10-20\Looking Down\With Beard\NarendraModi_35.jpg,NarendraModi_35.jpg
Multiple Faces\Blurred\Uncovered or Not Covered\Face_Angle_10-20\Looking Straight\With Beard and Hat_Turban\ZakiurRehmanLakhvi_11.jpg,ZakiurRehmanLakhvi_11.jpg
Multiple Faces\Blurred\Uncovered or Not Covered\Face_Angle_10-20\Looking Straight\With Beard and spectacles and Hat_Turban\AbdulRehmanMakki_08.jpg,AbdulRehmanMakki_08.jpg
Multiple Faces\Blurred\Uncovered or Not Covered\Face_Angle_20-30\Looking Up\With Beard and spectacles and Hat_Turban\AbdulRehmanMakki_04.jpg,AbdulRehmanMakki_04.jpg
Multiple Faces\Blurred\Uncovered or Not Covered\Face_Angle_Greateer_Than_40\Looking Straight\With Beard and Hat_Turban\ZabihullahMujahid_005.jpg,ZabihullahMujahid_005.jpg
Multiple Faces\Blurred\Uncovered or Not Covered\Face_Angle_Greateer_Than_40\Looking Straight\With Beard and spectacles and Hat_Turban\AbdulRehmanMakki_05.jpg,AbdulRehmanMakki_05.jpg
Multiple Faces\Blurred\Uncovered or Not Covered\Face_Angle_Greateer_Than_40\Looking Straight\With Beard and spectacles and Hat_Turban\MasoodAzhar_08.jpg,MasoodAzhar_08.jpg
Multiple Faces\Clear Image Data Set\Covered with Hand\Face_Angle_0-10\Looking Straight\With Beard and spectacles and Hat_Turban\NarendraModi_23.jpg,NarendraModi_23.jpg
Multiple Faces\Clear Image Data Set\Covered with Hand\Face_Angle_Greateer_Than_40\Looking Straight\With Beard and spectacles and Hat_Turban\NarendraModi_24.jpg,NarendraModi_24.jpg
Multiple Faces\Clear Image Data Set\Covered with Hand\Face_Angle_Greateer_Than_40\Looking Up\With Beard and spectacles and Hat_Turban\NarendraModi_21.jpg,NarendraModi_21.jpg
Multiple Faces\Clear Image Data Set\Covered with Object\Face_Angle_0-10\Looking Down\With Beard and spectacles and Hat_Turban\ZakirNaik_024.jpg,ZakirNaik_024.jpg
Multiple Faces\Clear Image Data Set\Covered with Object\Face_Angle_0-10\Looking Down\With Beard and spectacles and Hat_Turban\ZakirNaik_025.jpg,ZakirNaik_025.jpg
Multiple Faces\Clear Image Data Set\Covered with Object\Face_Angle_0-10\Looking Straight\With Beard\NarendraModi_25.jpg,NarendraModi_25.jpg
Multiple Faces\Clear Image Data Set\Covered with Object\Face_Angle_0-10\Looking Straight\With Beard and Spectacles\NarendraModi_102.jpg,NarendraModi_102.jpg
Multiple Faces\Clear Image Data Set\Covered with Object\Face_Angle_0-10\Looking Straight\With Beard and spectacles and Hat_Turban\HafizSaeed_23.jpg,HafizSaeed_23.jpg
Multiple Faces\Clear Image Data Set\Covered with Object\Face_Angle_20-30\Looking Straight\With Beard and spectacles and Hat_Turban\AbdulRehmanMakki_09.jpg,AbdulRehmanMakki_09.jpg
Multiple Faces\Clear Image Data Set\Covered with Object\Face_Angle_20-30\Looking Up\With Beard and Spectacles\NarendraModi_34.jpg,NarendraModi_34.jpg
Multiple Faces\Clear Image Data Set\Covered with Object\Face_Angle_30-40\Looking Down\With Beard and spectacles and Hat_Turban\HafizSaeed_21.jpg,HafizSaeed_21.jpg
Multiple Faces\Clear Image Data Set\Covered with Object\Face_Angle_30-40\Looking Straight\With Beard and Spectacles\NarendraModi_54.jpg,NarendraModi_54.jpg
Multiple Faces\Clear Image Data Set\Covered with Object\Face_Angle_Greateer_Than_40\Looking Down\With Beard and spectacles and Hat_Turban\HafizSaeed_20.jpg,HafizSaeed_20.jpg
Multiple Faces\Clear Image Data Set\Covered with Object\Face_Angle_Greateer_Than_40\Looking Straight\With Beard and spectacles and Hat_Turban\HafizSaeed_24.jpg,HafizSaeed_24.jpg
Multiple Faces\Clear Image Data Set\Uncovered or Not Covered\Face_Angle_0-10\Looking Down\With Beard and Hat_Turban\ZakiurRehmanLakhvi_16.jpg,ZakiurRehmanLakhvi_16.jpg
Multiple Faces\Clear Image Data Set\Uncovered or Not Covered\Face_Angle_0-10\Looking Down\With Beard and spectacles and Hat_Turban\HafizSaeed_13.jpg,HafizSaeed_13.jpg
Multiple Faces\Clear Image Data Set\Uncovered or Not Covered\Face_Angle_0-10\Looking Straight\With Beard\FarooqAhmedDar_02.jpg,FarooqAhmedDar_02.jpg
Multiple Faces\Clear Image Data Set\Uncovered or Not Covered\Face_Angle_0-10\Looking Straight\With Beard\NarendraModi_43.jpg,NarendraModi_43.jpg
Multiple Faces\Clear Image Data Set\Uncovered or Not Covered\Face_Angle_0-10\Looking Straight\With Beard and Hat_Turban\ZabihullahMujahid_010.jpg,ZabihullahMujahid_010.jpg
Multiple Faces\Clear Image Data Set\Uncovered or Not Covered\Face_Angle_0-10\Looking Straight\With Beard and Hat_Turban\ZabihullahMujahid_013.jpg,ZabihullahMujahid_013.jpg
Multiple Faces\Clear Image Data Set\Uncovered or Not Covered\Face_Angle_0-10\Looking Straight\With Beard and Hat_Turban\ZabihullahMujahid_014.jpg,ZabihullahMujahid_014.jpg
Multiple Faces\Clear Image Data Set\Uncovered or Not Covered\Face_Angle_0-10\Looking Straight\With Beard and Hat_Turban\ZabihullahMujahid_018.jpg,ZabihullahMujahid_018.jpg
Multiple Faces\Clear Image Data Set\Uncovered or Not Covered\Face_Angle_0-10\Looking Straight\With Beard and Hat_Turban\ZakiurRehmanLakhvi_14.jpg,ZakiurRehmanLakhvi_14.jpg
Multiple Faces\Clear Image Data Set\Uncovered or Not Covered\Face_Angle_0-10\Looking Straight\With Beard and Hat_Turban\ZakiurRehmanLakhvi_15.jpg,ZakiurRehmanLakhvi_15.jpg
Multiple Faces\Clear Image Data Set\Uncovered or Not Covered\Face_Angle_0-10\Looking Straight\With Beard and Spectacles\DawoodIbrahim_005.jpg,DawoodIbrahim_005.jpg
Multiple Faces\Clear Image Data Set\Uncovered or Not Covered\Face_Angle_0-10\Looking Straight\With Beard and Spectacles\DawoodIbrahim_006.jpg,DawoodIbrahim_006.jpg
Multiple Faces\Clear Image Data Set\Uncovered or Not Covered\Face_Angle_0-10\Looking Straight\With Beard and Spectacles\DawoodIbrahim_007.jpg,DawoodIbrahim_007.jpg
Multiple Faces\Clear Image Data Set\Uncovered or Not Covered\Face_Angle_0-10\Looking Straight\With Beard and Spectacles\DawoodIbrahim_009.jpg,DawoodIbrahim_009.jpg
Multiple Faces\Clear Image Data Set\Uncovered or Not Covered\Face_Angle_0-10\Looking Straight\With Beard and Spectacles\NarendraModi_106.jpg,NarendraModi_106.jpg
Multiple Faces\Clear Image Data Set\Uncovered or Not Covered\Face_Angle_0-10\Looking Straight\With Beard and Spectacles\NarendraModi_107.jpg,NarendraModi_107.jpg
Multiple Faces\Clear Image Data Set\Uncovered or Not Covered\Face_Angle_0-10\Looking Straight\With Beard and Spectacles\NarendraModi_108.jpg,NarendraModi_108.jpg
Multiple Faces\Clear Image Data Set\Uncovered or Not Covered\Face_Angle_0-10\Looking Straight\With Beard and Spectacles\NarendraModi_109.jpg,NarendraModi_109.jpg
Multiple Faces\Clear Image Data Set\Uncovered or Not Covered\Face_Angle_0-10\Looking Straight\With Beard and Spectacles\NarendraModi_120.jpg,NarendraModi_120.jpg
Multiple Faces\Clear Image Data Set\Uncovered or Not Covered\Face_Angle_0-10\Looking Straight\With Beard and Spectacles\NarendraModi_121.jpg,NarendraModi_121.jpg
Multiple Faces\Clear Image Data Set\Uncovered or Not Covered\Face_Angle_0-10\Looking Straight\With Beard and Spectacles\NarendraModi_122.jpg,NarendraModi_122.jpg
Multiple Faces\Clear Image Data Set\Uncovered or Not Covered\Face_Angle_0-10\Looking Straight\With Beard and Spectacles\NarendraModi_123.jpg,NarendraModi_123.jpg
Multiple Faces\Clear Image Data Set\Uncovered or Not Covered\Face_Angle_0-10\Looking Straight\With Beard and Spectacles\NarendraModi_124.jpg,NarendraModi_124.jpg
Multiple Faces\Clear Image Data Set\Uncovered or Not Covered\Face_Angle_0-10\Looking Straight\With Beard and Spectacles\NarendraModi_125.jpg,NarendraModi_125.jpg
Multiple Faces\Clear Image Data Set\Uncovered or Not Covered\Face_Angle_0-10\Looking Straight\With Beard and Spectacles\NarendraModi_126.jpg,NarendraModi_126.jpg
Multiple Faces\Clear Image Data Set\Uncovered or Not Covered\Face_Angle_0-10\Looking Straight\With Beard and Spectacles\NarendraModi_127.jpg,NarendraModi_127.jpg
Multiple Faces\Clear Image Data Set\Uncovered or Not Covered\Face_Angle_0-10\Looking Straight\With Beard and Spectacles\NarendraModi_128.jpg,NarendraModi_128.jpg
Multiple Faces\Clear Image Data Set\Uncovered or Not Covered\Face_Angle_0-10\Looking Straight\With Beard and Spectacles\NarendraModi_129.jpg,NarendraModi_129.jpg
Multiple Faces\Clear Image Data Set\Uncovered or Not Covered\Face_Angle_0-10\Looking Straight\With Beard and Spectacles\NarendraModi_132.jpg,NarendraModi_132.jpg
Multiple Faces\Clear Image Data Set\Uncovered or Not Covered\Face_Angle_0-10\Looking Straight\With Beard and Spectacles\NarendraModi_94.jpg,NarendraModi_94.jpg
Multiple Faces\Clear Image Data Set\Uncovered or Not Covered\Face_Angle_0-10\Looking Straight\With Beard and Spectacles\NarendraModi_95.jpg,NarendraModi_95.jpg
Multiple Faces\Clear Image Data Set\Uncovered or Not Covered\Face_Angle_0-10\Looking Straight\With Beard and Spectacles\NarendraModi_96.jpg,NarendraModi_96.jpg
Multiple Faces\Clear Image Data Set\Uncovered or Not Covered\Face_Angle_0-10\Looking Straight\With Beard and Spectacles\NarendraModi_97.jpg,NarendraModi_97.jpg
Multiple Faces\Clear Image Data Set\Uncovered or Not Covered\Face_Angle_0-10\Looking Straight\With Beard and spectacles and Hat_Turban\AbdulRehmanMakki_03.jpg,AbdulRehmanMakki_03.jpg
Multiple Faces\Clear Image Data Set\Uncovered or Not Covered\Face_Angle_0-10\Looking Straight\With Beard and spectacles and Hat_Turban\HafizSaeed_14.jpg,HafizSaeed_14.jpg
Multiple Faces\Clear Image Data Set\Uncovered or Not Covered\Face_Angle_0-10\Looking Straight\With Beard and spectacles and Hat_Turban\HafizSaeed_17.jpg,HafizSaeed_17.jpg
Multiple Faces\Clear Image Data Set\Uncovered or Not Covered\Face_Angle_0-10\Looking Straight\With Beard and spectacles and Hat_Turban\MasoodAzhar_12.jpg,MasoodAzhar_12.jpg
Multiple Faces\Clear Image Data Set\Uncovered or Not Covered\Face_Angle_0-10\Looking Straight\With Beard and spectacles and Hat_Turban\NarendraModi_68.jpg,NarendraModi_68.jpg
Multiple Faces\Clear Image Data Set\Uncovered or Not Covered\Face_Angle_0-10\Looking Straight\With Beard and spectacles and Hat_Turban\ZakirNaik_008.jpg,ZakirNaik_008.jpg
Multiple Faces\Clear Image Data Set\Uncovered or Not Covered\Face_Angle_0-10\Looking Straight\With Beard and spectacles and Hat_Turban\ZakirNaik_019.jpg,ZakirNaik_019.jpg
Multiple Faces\Clear Image Data Set\Uncovered or Not Covered\Face_Angle_0-10\Looking Straight\With Beard and spectacles and Hat_Turban\ZakirNaik_021.jpg,ZakirNaik_021.jpg
Multiple Faces\Clear Image Data Set\Uncovered or Not Covered\Face_Angle_0-10\Looking Up\With Beard and spectacles and Hat_Turban\AbdulRehmanMakki_07.jpg,AbdulRehmanMakki_07.jpg
Multiple Faces\Clear Image Data Set\Uncovered or Not Covered\Face_Angle_10-20\Looking Down\With Beard\NarendraModi_12.jpg,NarendraModi_12.jpg
Multiple Faces\Clear Image Data Set\Uncovered or Not Covered\Face_Angle_10-20\Looking Straight\With Beard and spectacles and Hat_Turban\HafizSaeed_27.jpg,HafizSaeed_27.jpg
Multiple Faces\Clear Image Data Set\Uncovered or Not Covered\Face_Angle_20-30\Looking Down\With Beard\NarendraModi_33.jpg,NarendraModi_33.jpg
Multiple Faces\Clear Image Data Set\Uncovered or Not Covered\Face_Angle_20-30\Looking Down\With Beard and Spectacles\NarendraModi_32.jpg,NarendraModi_32.jpg
Multiple Faces\Clear Image Data Set\Uncovered or Not Covered\Face_Angle_20-30\Looking Down\With Beard and spectacles and Hat_Turban\MasoodAzhar_01.jpg,MasoodAzhar_01.jpg
Multiple Faces\Clear Image Data Set\Uncovered or Not Covered\Face_Angle_20-30\Looking Straight\With Beard\NarendraModi_39.jpg,NarendraModi_39.jpg
Multiple Faces\Clear Image Data Set\Uncovered or Not Covered\Face_Angle_20-30\Looking Straight\With Beard and Hat_Turban\ZabihullahMujahid_007.jpg,ZabihullahMujahid_007.jpg
Multiple Faces\Clear Image Data Set\Uncovered or Not Covered\Face_Angle_20-30\Looking Straight\With Beard and Spectacles\NarendraModi_113.jpg,NarendraModi_113.jpg
Multiple Faces\Clear Image Data Set\Uncovered or Not Covered\Face_Angle_20-30\Looking Straight\With Beard and Spectacles\NarendraModi_114.jpg,NarendraModi_114.jpg
Multiple Faces\Clear Image Data Set\Uncovered or Not Covered\Face_Angle_20-30\Looking Straight\With Beard and Spectacles\NarendraModi_116.jpg,NarendraModi_116.jpg
Multiple Faces\Clear Image Data Set\Uncovered or Not Covered\Face_Angle_20-30\Looking Straight\With Beard and Spectacles\NarendraModi_119.jpg,NarendraModi_119.jpg
Multiple Faces\Clear Image Data Set\Uncovered or Not Covered\Face_Angle_20-30\Looking Straight\With Beard and spectacles and Hat_Turban\EyesClosed_AbdulRehmanMakki_01.jpg,EyesClosed_AbdulRehmanMakki_01.jpg
Multiple Faces\Clear Image Data Set\Uncovered or Not Covered\Face_Angle_20-30\Looking Straight\With Beard and spectacles and Hat_Turban\HafizSaeed_01.jpg,HafizSaeed_01.jpg
Multiple Faces\Clear Image Data Set\Uncovered or Not Covered\Face_Angle_20-30\Looking Straight\With Beard and spectacles and Hat_Turban\HafizSaeed_03.jpg,HafizSaeed_03.jpg
Multiple Faces\Clear Image Data Set\Uncovered or Not Covered\Face_Angle_20-30\Looking Straight\Without Beard and spectacles and Hat_Turban\NarendraModi_37.jpg,NarendraModi_37.jpg
Multiple Faces\Clear Image Data Set\Uncovered or Not Covered\Face_Angle_30-40\Looking Down\With Beard and spectacles and Hat_Turban\HafizSaeed_06.jpg,HafizSaeed_06.jpg
Multiple Faces\Clear Image Data Set\Uncovered or Not Covered\Face_Angle_30-40\Looking Straight\With Beard\FarooqAhmedDar_04.jpg,FarooqAhmedDar_04.jpg
Multiple Faces\Clear Image Data Set\Uncovered or Not Covered\Face_Angle_30-40\Looking Straight\With Beard\NarendraModi_41.jpg,NarendraModi_41.jpg
Multiple Faces\Clear Image Data Set\Uncovered or Not Covered\Face_Angle_30-40\Looking Straight\With Beard\NarendraModi_42.jpg,NarendraModi_42.jpg
Multiple Faces\Clear Image Data Set\Uncovered or Not Covered\Face_Angle_30-40\Looking Straight\With Beard and Hat_Turban\ZabihullahMujahid_019.jpg,ZabihullahMujahid_019.jpg
Multiple Faces\Clear Image Data Set\Uncovered or Not Covered\Face_Angle_30-40\Looking Straight\With Beard and Hat_Turban\ZakiurRehmanLakhvi_02.jpg,ZakiurRehmanLakhvi_02.jpg
Multiple Faces\Clear Image Data Set\Uncovered or Not Covered\Face_Angle_30-40\Looking Straight\With Beard and Spectacles\HafizSaeed_07.jpg,HafizSaeed_07.jpg
Multiple Faces\Clear Image Data Set\Uncovered or Not Covered\Face_Angle_30-40\Looking Straight\With Beard and spectacles and Hat_Turban\AbdulRehmanMakki_06.jpg,AbdulRehmanMakki_06.jpg
Multiple Faces\Clear Image Data Set\Uncovered or Not Covered\Face_Angle_30-40\Looking Straight\With Beard and spectacles and Hat_Turban\HafizSaeed_04.jpg,HafizSaeed_04.jpg
Multiple Faces\Clear Image Data Set\Uncovered or Not Covered\Face_Angle_30-40\Looking Straight\With Beard and spectacles and Hat_Turban\HafizSaeed_09.jpg,HafizSaeed_09.jpg
Multiple Faces\Clear Image Data Set\Uncovered or Not Covered\Face_Angle_30-40\Looking Straight\With Beard and spectacles and Hat_Turban\MasoodAzhar_13.jpg,MasoodAzhar_13.jpg
Multiple Faces\Clear Image Data Set\Uncovered or Not Covered\Face_Angle_30-40\Looking Straight\With Beard and spectacles and Hat_Turban\MasoodAzhar_15.jpg,MasoodAzhar_15.jpg
Multiple Faces\Clear Image Data Set\Uncovered or Not Covered\Face_Angle_30-40\Looking Straight\With Beard and spectacles and Hat_Turban\MasoodAzhar_17.jpg,MasoodAzhar_17.jpg
Multiple Faces\Clear Image Data Set\Uncovered or Not Covered\Face_Angle_Greateer_Than_40\Looking Down\With Beard and spectacles and Hat_Turban\HafizSaeed_18.jpg,HafizSaeed_18.jpg
Multiple Faces\Clear Image Data Set\Uncovered or Not Covered\Face_Angle_Greateer_Than_40\Looking Down\With Beard and spectacles and Hat_Turban\ZakirNaik_020.jpg,ZakirNaik_020.jpg
Multiple Faces\Clear Image Data Set\Uncovered or Not Covered\Face_Angle_Greateer_Than_40\Looking Down\With Beard and spectacles and Hat_Turban\ZakirNaik_026.jpg,ZakirNaik_026.jpg
Multiple Faces\Clear Image Data Set\Uncovered or Not Covered\Face_Angle_Greateer_Than_40\Looking Straight\With Beard\NarendraModi_04.jpg,NarendraModi_04.jpg
Multiple Faces\Clear Image Data Set\Uncovered or Not Covered\Face_Angle_Greateer_Than_40\Looking Straight\With Beard and Hat_Turban\ZabihullahMujahid_002.jpg,ZabihullahMujahid_002.jpg
Multiple Faces\Clear Image Data Set\Uncovered or Not Covered\Face_Angle_Greateer_Than_40\Looking Straight\With Beard and Hat_Turban\ZabihullahMujahid_004.jpg,ZabihullahMujahid_004.jpg
Multiple Faces\Clear Image Data Set\Uncovered or Not Covered\Face_Angle_Greateer_Than_40\Looking Straight\With Beard and Hat_Turban\ZabihullahMujahid_015.jpg,ZabihullahMujahid_015.jpg
Multiple Faces\Clear Image Data Set\Uncovered or Not Covered\Face_Angle_Greateer_Than_40\Looking Straight\With Beard and Hat_Turban\ZabihullahMujahid_016.jpg,ZabihullahMujahid_016.jpg
Multiple Faces\Clear Image Data Set\Uncovered or Not Covered\Face_Angle_Greateer_Than_40\Looking Straight\With Beard and Hat_Turban\ZakiurRehmanLakhvi_13.jpg,ZakiurRehmanLakhvi_13.jpg
Multiple Faces\Clear Image Data Set\Uncovered or Not Covered\Face_Angle_Greateer_Than_40\Looking Straight\With Beard and Spectacles\NarendraModi_05.jpg,NarendraModi_05.jpg
Multiple Faces\Clear Image Data Set\Uncovered or Not Covered\Face_Angle_Greateer_Than_40\Looking Straight\With Beard and Spectacles\NarendraModi_07.jpg,NarendraModi_07.jpg
Multiple Faces\Clear Image Data Set\Uncovered or Not Covered\Face_Angle_Greateer_Than_40\Looking Straight\With Beard and Spectacles\NarendraModi_111.jpg,NarendraModi_111.jpg
Multiple Faces\Clear Image Data Set\Uncovered or Not Covered\Face_Angle_Greateer_Than_40\Looking Straight\With Beard and Spectacles\NarendraModi_117.jpg,NarendraModi_117.jpg
Multiple Faces\Clear Image Data Set\Uncovered or Not Covered\Face_Angle_Greateer_Than_40\Looking Straight\With Beard and spectacles and Hat_Turban\HafizSaeed_10.jpg,HafizSaeed_10.jpg
Multiple Faces\Clear Image Data Set\Uncovered or Not Covered\Face_Angle_Greateer_Than_40\Looking Straight\With Beard and spectacles and Hat_Turban\HafizSaeed_16.jpg,HafizSaeed_16.jpg
Multiple Faces\Clear Image Data Set\Uncovered or Not Covered\Face_Angle_Greateer_Than_40\Looking Straight\With Beard and spectacles and Hat_Turban\MasoodAzhar_02.jpg,MasoodAzhar_02.jpg
Multiple Faces\Clear Image Data Set\Uncovered or Not Covered\Face_Angle_Greateer_Than_40\Looking Straight\With Beard and spectacles and Hat_Turban\MasoodAzhar_03.jpg,MasoodAzhar_03.jpg
Multiple Faces\Clear Image Data Set\Uncovered or Not Covered\Face_Angle_Greateer_Than_40\Looking Straight\With Beard and spectacles and Hat_Turban\ZakirNaik_022.jpg,ZakirNaik_022.jpg
Multiple Faces\Clear Image Data Set\Uncovered or Not Covered\Face_Angle_Greateer_Than_40\Looking Straight\With Beard and spectacles and Hat_Turban\ZakirNaik_023.jpg,ZakirNaik_023.jpg
Multiple Faces\Clear Image Data Set\Uncovered or Not Covered\Face_Angle_Greateer_Than_40\Looking Straight\With Spectacles\NarendraModi_50.jpg,NarendraModi_50.jpg
Multiple Faces\Morphed\Uncovered or Not Covered\Face_Angle_0-10\Looking Straight\With Beard and Hat_Turban\ZakiurRehmanLakhvi_06.jpg,ZakiurRehmanLakhvi_06.jpg
Multiple Faces\Morphed\Uncovered or Not Covered\Face_Angle_0-10\Looking Straight\With Beard and Spectacles\NarendraModi_101.jpg,NarendraModi_101.jpg
Multiple Faces\Morphed\Uncovered or Not Covered\Face_Angle_0-10\Looking Straight\With Beard and spectacles and Hat_Turban\MasoodAzhar_10.jpg,MasoodAzhar_10.jpg
Multiple Faces\Morphed\Uncovered or Not Covered\Face_Angle_0-10\Looking Straight\With Beard and spectacles and Hat_Turban\MasoodAzhar_11.jpg,MasoodAzhar_11.jpg
Multiple Faces\Morphed\Uncovered or Not Covered\Face_Angle_0-10\Looking Straight\With Beard and spectacles and Hat_Turban\MasoodAzhar_14.jpg,MasoodAzhar_14.jpg
Multiple Faces\Morphed\Uncovered or Not Covered\Face_Angle_0-10\Looking Straight\With Beard and spectacles and Hat_Turban\NarendraModi_104.jpg,NarendraModi_104.jpg
Multiple Faces\Morphed\Uncovered or Not Covered\Face_Angle_10-20\Looking Straight\With Beard and Spectacles\NarendraModi_59.jpg,NarendraModi_59.jpg
Multiple Faces\Morphed\Uncovered or Not Covered\Face_Angle_30-40\Looking Straight\With Beard and Hat_Turban\ZabihullahMujahid_009.jpg,ZabihullahMujahid_009.jpg
Single Face\Clear Image Data Set\Uncovered or Not Covered\Face_Angle_30-40\Looking Straight\With Beard and Spectacles\DawoodIbrahim_013.jpg,DawoodIbrahim_013.jpg
